"","x"
"1","Calzado de Montaña > Hombre > Accesorios > Cordones"
"2","Calzado de Montaña > Hombre > Accesorios > Mantenimiento"
"3","Calzado de Montaña > Hombre > Accesorios > Plantillas"
"4","Calzado de Montaña > Hombre > Botas Alta Montaña > Expedición"
"5","Calzado de Montaña > Hombre > Botas Alta Montaña > Rígidas"
"6","Calzado de Montaña > Hombre > Botas Alta Montaña > Semi-Rígidas"
"7","Calzado de Montaña > Hombre > Botas Barrancos"
"8","Calzado de Montaña > Hombre > Botas Calientes"
"9","Calzado de Montaña > Hombre > Botas Trekking > Altas"
"10","Calzado de Montaña > Hombre > Botas Trekking > Medias"
"11","Calzado de Montaña > Hombre > Calcetines > Alta Montaña"
"12","Calzado de Montaña > Hombre > Calcetines > Esquí"
"13","Calzado de Montaña > Hombre > Calcetines > Trail Running"
"14","Calzado de Montaña > Hombre > Calcetines > Trekking"
"15","Calzado de Montaña > Hombre > Lifestyle"
"16","Calzado de Montaña > Hombre > Polainas"
"17","Calzado de Montaña > Hombre > Sandalias"
"18","Calzado de Montaña > Hombre > Zapatillas Aproximación"
"19","Calzado de Montaña > Hombre > Zapatillas Trail Running"
"20","Calzado de Montaña > Hombre > Zapatillas Trekking"
"21","Calzado de Montaña > Mujer > Botas Alta Montaña > Rígidas"
"22","Calzado de Montaña > Mujer > Botas Alta Montaña > Semi-Rígidas"
"23","Calzado de Montaña > Mujer > Botas Barrancos"
"24","Calzado de Montaña > Mujer > Botas Calientes"
"25","Calzado de Montaña > Mujer > Botas Trekking > Altas"
"26","Calzado de Montaña > Mujer > Botas Trekking > Medias"
"27","Calzado de Montaña > Mujer > Calcetines > Alta Montaña"
"28","Calzado de Montaña > Mujer > Calcetines > Esquí"
"29","Calzado de Montaña > Mujer > Calcetines > Trail Running"
"30","Calzado de Montaña > Mujer > Calcetines > Trekking"
"31","Calzado de Montaña > Mujer > Sandalias"
"32","Calzado de Montaña > Mujer > Zapatillas Aproximación"
"33","Calzado de Montaña > Mujer > Zapatillas Trail Running"
"34","Calzado de Montaña > Mujer > Zapatillas Trekking"
"35","Calzado de Montaña > Niños > Botas Calientes"
"36","Calzado de Montaña > Niños > Botas de Trekking"
"37","Calzado de Montaña > Niños > Calcetines"
"38","Calzado de Montaña > Niños > Sandalias"
"39","Calzado de Montaña > Niños > Zapatillas Trekking"
"40","Electrónica y Orientación > Relojes de Montaña > Relojes de Montaña"
"41","Esquí y Raquetas > Accesorios y Mantenimiento > Bolsas y Otros"
"42","Esquí y Raquetas > Accesorios y Mantenimiento > Para Botas"
"43","Esquí y Raquetas > Accesorios y Mantenimiento > Para Fijaciones > Cuchillas"
"44","Esquí y Raquetas > Accesorios y Mantenimiento > Para Fijaciones > Otros"
"45","Esquí y Raquetas > Accesorios y Mantenimiento > Para Pieles de Foca > Adhesivos"
"46","Esquí y Raquetas > Accesorios y Mantenimiento > Para Pieles de Foca > Ceras"
"47","Esquí y Raquetas > Accesorios y Mantenimiento > Para Pieles de Foca > Tensores"
"48","Esquí y Raquetas > Accesorios y Mantenimiento > Para Tablas > Herramientas"
"49","Esquí y Raquetas > Alpino y Freestyle > Bastones"
"50","Esquí y Raquetas > Alpino y Freestyle > Botas Alpino y Freestyle > All Mountain"
"51","Esquí y Raquetas > Alpino y Freestyle > Botas Alpino y Freestyle > Mujer"
"52","Esquí y Raquetas > Alpino y Freestyle > Botas Alpino y Freestyle > Niños"
"53","Esquí y Raquetas > Alpino y Freestyle > Botas Alpino y Freestyle > Race"
"54","Esquí y Raquetas > Alpino y Freestyle > Fijaciones"
"55","Esquí y Raquetas > Alpino y Freestyle > Tablas Alpino y Freestyle > All Mountain"
"56","Esquí y Raquetas > Alpino y Freestyle > Tablas Alpino y Freestyle > Freestyle"
"57","Esquí y Raquetas > Alpino y Freestyle > Tablas Alpino y Freestyle > Mujer"
"58","Esquí y Raquetas > Alpino y Freestyle > Tablas Alpino y Freestyle > Niños"
"59","Esquí y Raquetas > Alpino y Freestyle > Tablas Alpino y Freestyle > Race"
"60","Esquí y Raquetas > Cascos y Protecciones > Cascos > Esquí de Montaña"
"61","Esquí y Raquetas > Cascos y Protecciones > Cascos > Hombre"
"62","Esquí y Raquetas > Cascos y Protecciones > Cascos > Mujer"
"63","Esquí y Raquetas > Cascos y Protecciones > Cascos > Niños"
"64","Esquí y Raquetas > Cascos y Protecciones > Protecciones > Espalderas"
"65","Esquí y Raquetas > Cascos y Protecciones > Protecciones > Otras"
"66","Esquí y Raquetas > Esquí de Fondo > Bastones"
"67","Esquí y Raquetas > Esquí de Fondo > Botas > Clásico"
"68","Esquí y Raquetas > Esquí de Fondo > Botas > Patinador"
"69","Esquí y Raquetas > Esquí de Fondo > Fijaciones > Clásico"
"70","Esquí y Raquetas > Esquí de Fondo > Fijaciones > Patinador"
"71","Esquí y Raquetas > Esquí de Fondo > Tablas > Clásico"
"72","Esquí y Raquetas > Esquí de Fondo > Tablas > Patinador"
"73","Esquí y Raquetas > Freeride > Tablas > Freeride"
"74","Esquí y Raquetas > Raquetas"
"75","Esquí y Raquetas > Seguridad > Airbag"
"76","Esquí y Raquetas > Seguridad > Arvas"
"77","Esquí y Raquetas > Seguridad > Otros"
"78","Esquí y Raquetas > Seguridad > Palas"
"79","Esquí y Raquetas > Seguridad > Sondas"
"80","Esquí y Raquetas > Snowboard > Botas > Hombre"
"81","Esquí y Raquetas > Snowboard > Botas > Mujer"
"82","Esquí y Raquetas > Snowboard > Fijaciones"
"83","Esquí y Raquetas > Snowboard > Tablas > Freestyle y All Mountain"
"84","Lifestyle > Calzado > Hombre > Botas"
"85","Lifestyle > Calzado > Hombre > Zapatillas"
"86","Lifestyle > Calzado > Mujer > Botas"
"87","Lifestyle > Calzado > Mujer > Zapatillas"
"88","Lifestyle > Ropa Hombre > Camisas > Manga corta"
"89","Lifestyle > Ropa Hombre > Camisas > Manga larga"
"90","Lifestyle > Ropa Hombre > Camisetas > Manga corta"
"91","Lifestyle > Ropa Hombre > Chalecos > Otros"
"92","Lifestyle > Ropa Hombre > Chaquetas > Con relleno"
"93","Lifestyle > Ropa Hombre > Chaquetas > Impermeables"
"94","Lifestyle > Ropa Hombre > Chaquetas > Otras"
"95","Lifestyle > Ropa Hombre > Pantalones > Cortos"
"96","Lifestyle > Ropa Hombre > Pantalones > Largos"
"97","Lifestyle > Ropa Mujer > Camisas > Manga larga"
"98","Lifestyle > Ropa Mujer > Camisetas > Manga corta"
"99","Lifestyle > Ropa Mujer > Camisetas > Manga larga"
"100","Lifestyle > Ropa Mujer > Chalecos > Con relleno"
"101","Lifestyle > Ropa Mujer > Chalecos > Otros"
"102","Lifestyle > Ropa Mujer > Chaquetas > Con relleno"
"103","Lifestyle > Ropa Mujer > Chaquetas > Impermeables"
"104","Lifestyle > Ropa Mujer > Chaquetas > Otras"
"105","Material de Escalada > Pies de Gato > Deportiva > Hombre"
"106","Material de Escalada > Pies de Gato > Deportiva > Mujer"
"107","Material de Escalada > Pies de Gato > Deportiva > Niños"
"108","Óptica > Gafas > Adulto > Factor 3"
"109","Óptica > Gafas > Adulto > Factor 4"
"110","Óptica > Gafas > Adulto > Fotocromáticas"
"111","Óptica > Gafas > Junior"
"112","Piolets y Crampones > Crampones > Minicrampones y antideslizantes"
"113","Ropa Montaña Hombre > Accesorios y Limpieza > Accesorios Running"
"114","Ropa Montaña Hombre > Accesorios y Limpieza > Cinturones"
"115","Ropa Montaña Hombre > Accesorios y Limpieza > Mantenimiento"
"116","Ropa Montaña Hombre > Barrancos > Guantes y Escarpines"
"117","Ropa Montaña Hombre > Barrancos > Interiores"
"118","Ropa Montaña Hombre > Barrancos > Trajes de Neopreno"
"119","Ropa Montaña Hombre > Camisetas > Algodón > Manga Corta"
"120","Ropa Montaña Hombre > Camisetas > Técnicas > Manga Corta"
"121","Ropa Montaña Hombre > Camisetas > Técnicas > Manga Larga"
"122","Ropa Montaña Hombre > Camisetas > Técnicas > Sin Mangas"
"123","Ropa Montaña Hombre > Capas y Ponchos"
"124","Ropa Montaña Hombre > Chalecos > Aeróbicos"
"125","Ropa Montaña Hombre > Chalecos > Con Relleno"
"126","Ropa Montaña Hombre > Chalecos > Polares"
"127","Ropa Montaña Hombre > Chalecos > Softshell"
"128","Ropa Montaña Hombre > Chaquetas > Fibra"
"129","Ropa Montaña Hombre > Chaquetas > Forros Polares > Cremallera Completa"
"130","Ropa Montaña Hombre > Chaquetas > Forros Polares > Media Cremallera"
"131","Ropa Montaña Hombre > Chaquetas > Impermeables > Alta Montaña"
"132","Ropa Montaña Hombre > Chaquetas > Impermeables > Con Relleno"
"133","Ropa Montaña Hombre > Chaquetas > Impermeables > Ligeras Técnicas"
"134","Ropa Montaña Hombre > Chaquetas > Impermeables > Media Montaña"
"135","Ropa Montaña Hombre > Chaquetas > Pluma"
"136","Ropa Montaña Hombre > Chaquetas > Polar Stretch > Cremallera Completa"
"137","Ropa Montaña Hombre > Chaquetas > Softshell > Medio"
"138","Ropa Montaña Hombre > Gorros y Tubulares > Balaclavas"
"139","Ropa Montaña Hombre > Gorros y Tubulares > Bandas Tubulares"
"140","Ropa Montaña Hombre > Gorros y Tubulares > Gorras"
"141","Ropa Montaña Hombre > Gorros y Tubulares > Térmicos"
"142","Ropa Montaña Hombre > Guantes y Manoplas > Alta Montaña"
"143","Ropa Montaña Hombre > Guantes y Manoplas > Esquí de Montaña"
"144","Ropa Montaña Hombre > Guantes y Manoplas > Finos"
"145","Ropa Montaña Hombre > Guantes y Manoplas > Manoplas"
"146","Ropa Montaña Hombre > Guantes y Manoplas > Polares"
"147","Ropa Montaña Hombre > Monos > Esquí De Montaña"
"148","Ropa Montaña Hombre > Monos > Expedición"
"149","Ropa Montaña Hombre > Pantalones > Alta Montaña > Alpinismo"
"150","Ropa Montaña Hombre > Pantalones > Alta Montaña > Esquí de Montaña"
"151","Ropa Montaña Hombre > Pantalones > Con Relleno"
"152","Ropa Montaña Hombre > Pantalones > Escalada > Piratas"
"153","Ropa Montaña Hombre > Pantalones > Impermeables > Alta Montaña"
"154","Ropa Montaña Hombre > Pantalones > Impermeables > Ligero Técnico"
"155","Ropa Montaña Hombre > Pantalones > Impermeables > Media Montaña"
"156","Ropa Montaña Hombre > Pantalones > Trail Running > Cortos y Piratas"
"157","Ropa Montaña Hombre > Pantalones > Trail Running > Mallas Largas"
"158","Ropa Montaña Hombre > Pantalones > Trekking > Convertibles"
"159","Ropa Montaña Hombre > Pantalones > Trekking > Largos"
"160","Ropa Montaña Hombre > Ropa Interior > Boxers y Slips"
"161","Ropa Montaña Hombre > Ropa Interior > Camisetas > Manga Corta"
"162","Ropa Montaña Hombre > Ropa Interior > Camisetas > Manga Larga"
"163","Ropa Montaña Hombre > Ropa Interior > Mallas > Largas"
"164","Ropa Montaña Hombre > Ropa Interior > Mallas > Piratas"
"165","Ropa Montaña Hombre > Ropa Interior > Mallas > Polares"
"166","Ropa Montaña Mujer > Barrancos > Trajes De Neopreno"
"167","Ropa Montaña Mujer > Camisetas > Algodón > Manga Corta"
"168","Ropa Montaña Mujer > Camisetas > Técnicas > Manga Corta"
"169","Ropa Montaña Mujer > Camisetas > Técnicas > Manga Larga"
"170","Ropa Montaña Mujer > Camisetas > Técnicas > Sin Mangas"
"171","Ropa Montaña Mujer > Chalecos > Con Relleno"
"172","Ropa Montaña Mujer > Chalecos > Polares"
"173","Ropa Montaña Mujer > Chalecos > Softshell"
"174","Ropa Montaña Mujer > Chaquetas > Fibra"
"175","Ropa Montaña Mujer > Chaquetas > Forros Polares > Cremallera Completa"
"176","Ropa Montaña Mujer > Chaquetas > Forros Polares > Media Cremallera"
"177","Ropa Montaña Mujer > Chaquetas > Impermeables > Alta Montaña"
"178","Ropa Montaña Mujer > Chaquetas > Impermeables > Con Relleno"
"179","Ropa Montaña Mujer > Chaquetas > Impermeables > Ligeras Técnicas"
"180","Ropa Montaña Mujer > Chaquetas > Impermeables > Media Montaña"
"181","Ropa Montaña Mujer > Chaquetas > Pluma"
"182","Ropa Montaña Mujer > Chaquetas > Polar Stretch > Cremallera Completa"
"183","Ropa Montaña Mujer > Chaquetas > Softshell > Medio"
"184","Ropa Montaña Mujer > Gorros y Tubulares > Gorras"
"185","Ropa Montaña Mujer > Gorros y Tubulares > Sombreros"
"186","Ropa Montaña Mujer > Gorros y Tubulares > Térmicos"
"187","Ropa Montaña Mujer > Guantes y Manoplas > Alta Montaña"
"188","Ropa Montaña Mujer > Guantes y Manoplas > Esquí de Montaña"
"189","Ropa Montaña Mujer > Guantes y Manoplas > Manoplas"
"190","Ropa Montaña Mujer > Guantes y Manoplas > Polares"
"191","Ropa Montaña Mujer > Pantalones > Alta Montaña > Alpinismo"
"192","Ropa Montaña Mujer > Pantalones > Alta Montaña > Esquí De Montaña"
"193","Ropa Montaña Mujer > Pantalones > Escalada > Largos"
"194","Ropa Montaña Mujer > Pantalones > Impermeables > Alta Montaña"
"195","Ropa Montaña Mujer > Pantalones > Impermeables > Media Montaña"
"196","Ropa Montaña Mujer > Pantalones > Trail Running > Cortos, Faldas y Piratas"
"197","Ropa Montaña Mujer > Pantalones > Trail Running > Mallas 3/4"
"198","Ropa Montaña Mujer > Pantalones > Trail Running > Mallas Largas"
"199","Ropa Montaña Mujer > Pantalones > Trekking > Cortos"
"200","Ropa Montaña Mujer > Pantalones > Trekking > Largos"
"201","Ropa Montaña Mujer > Pantalones > Trekking > Piratas"
"202","Ropa Montaña Mujer > Ropa Interior > Bragas Y Sujetadores > Bragas"
"203","Ropa Montaña Mujer > Ropa Interior > Bragas Y Sujetadores > Sujetadores"
"204","Ropa Montaña Mujer > Ropa Interior > Camisetas > Manga Corta"
"205","Ropa Montaña Mujer > Ropa Interior > Camisetas > Manga Larga"
"206","Ropa Montaña Mujer > Ropa Interior > Mallas > Largas"
"207","Ropa Montaña Niños > Ropa Niña > Camisetas"
"208","Ropa Montaña Niños > Ropa Niña > Capas Térmicas"
"209","Ropa Montaña Niños > Ropa Niña > Chaquetas"
"210","Ropa Montaña Niños > Ropa Niña > Conjuntos de Esquí"
"211","Ropa Montaña Niños > Ropa Niña > Gorros y Tubulares > Bandas Tubulares"
"212","Ropa Montaña Niños > Ropa Niña > Gorros y Tubulares > Térmicos"
"213","Ropa Montaña Niños > Ropa Niña > Guantes"
"214","Ropa Montaña Niños > Ropa Niña > Pantalones > Impermeables"
"215","Ropa Montaña Niños > Ropa Niña > Pantalones > Trekking"
"216","Ropa Montaña Niños > Ropa Niño > Camisetas"
"217","Ropa Montaña Niños > Ropa Niño > Capas Térmicas"
"218","Ropa Montaña Niños > Ropa Niño > Chaquetas"
"219","Ropa Montaña Niños > Ropa Niño > Conjuntos Esquí"
"220","Ropa Montaña Niños > Ropa Niño > Gorros y Tubulares > Bandas Tubulares"
"221","Ropa Montaña Niños > Ropa Niño > Gorros y Tubulares > Térmicos"
"222","Ropa Montaña Niños > Ropa Niño > Guantes"
"223","Ropa Montaña Niños > Ropa Niño > Pantalones > Impermeables"
"224","Ropa Montaña Niños > Ropa Niño > Pantalones > Trekking"
"225","Ropa Montaña Niños > Ropa Niño > Ropa Interior"
"226","Ropa Nieve Hombre > Capas Medias > Chaquetas de Fibra"
"227","Ropa Nieve Hombre > Capas Medias > Térmicas"
"228","Ropa Nieve Hombre > Chalecos"
"229","Ropa Nieve Hombre > Chaquetas > Esquí de Fondo"
"230","Ropa Nieve Hombre > Chaquetas > Impermeables > Con Relleno"
"231","Ropa Nieve Hombre > Chaquetas > Impermeables > Sin Relleno"
"232","Ropa Nieve Hombre > Chaquetas > Pluma"
"233","Ropa Nieve Hombre > Chaquetas > Softshell > Medio"
"234","Ropa Nieve Hombre > Gorros"
"235","Ropa Nieve Hombre > Guantes > Esquí Alpino"
"236","Ropa Nieve Hombre > Guantes > Esquí de Fondo"
"237","Ropa Nieve Hombre > Pantalones > Esquí de Fondo"
"238","Ropa Nieve Hombre > Pantalones > Impermeables > Con Relleno"
"239","Ropa Nieve Hombre > Pantalones > Impermeables > Sin Relleno"
"240","Ropa Nieve Mujer > Capas Medias > Chaquetas de Fibra"
"241","Ropa Nieve Mujer > Capas Medias > Térmicas"
"242","Ropa Nieve Mujer > Chalecos"
"243","Ropa Nieve Mujer > Chaquetas > Esquí De Fondo"
"244","Ropa Nieve Mujer > Chaquetas > Impermeables > Con Relleno"
"245","Ropa Nieve Mujer > Chaquetas > Plumas"
"246","Ropa Nieve Mujer > Chaquetas > Softshell > Medio"
"247","Ropa Nieve Mujer > Gorros"
"248","Ropa Nieve Mujer > Guantes > Esquí Alpino"
"249","Ropa Nieve Mujer > Guantes > Esquí De Fondo"
"250","Ropa Nieve Mujer > Guantes > Manoplas"
"251","Ropa Nieve Mujer > Pantalones > Esquí de Fondo"
"252","Ropa Nieve Mujer > Pantalones > Impermeables > Con Relleno"
"253","Ropa Nieve Mujer > Pantalones > Impermeables > Sin Relleno"
